id,名前,ふりがな,都道府県,電話,携帯,email
1,"森脇 ひとり","もりわき ひとり",東京都,040-745-2079,090-4918-4052,moriwaki_hitori@example.com
2,"菅野 れいな","すがの れいな",東京都,047-387-5891,080-6253-1746,sugano_reina@example.com
3,"堀 璃奈子","ほり りなこ",愛媛県,043-201-7535,080-3735-5524,hori_rinako@example.com
4,"杉野 昴","すぎの すばる",鹿児島県,084-525-3408,090-3494-3861,sugino_subaru@example.com
5,"奥寺 小百合","おくでら さゆり",神奈川県,032-557-6733,090-3677-6058,okudera_sayuri@example.com
6,"岡島 玲那","おかじま れな",広島県,021-465-8408,080-7346-8665,okajima_rena@example.com
7,"川島 栄一","かわしま えいいち",愛媛県,066-805-7118,090-5650-8738,kawashima_eiichi@example.com
8,"森下 裕司","もりした ゆうじ",鹿児島県,027-234-7038,080-5072-9024,morishita_yuuji@example.com
9,"富沢 兼","とみさわ けん",東京都,088-501-2734,080-6053-3994,tomisawa_ken@example.com
10,"日野 真吾","ひの しんご",山梨県,099-691-2376,080-7101-5327,hino_shingo@example.com
